<?xml version="1.0" encoding="UTF-8"?>
<project-private xmlns="http://www.netbeans.org/ns/project-private/1">
    <editor-bookmarks xmlns="http://www.netbeans.org/ns/editor-bookmarks/2" lastBookmarkId="0"/>
    <open-files xmlns="http://www.netbeans.org/ns/projectui-open-files/2">
        <group>
            <file>file:/D:/WebApplication1/web/gallery.jsp</file>
            <file>file:/D:/WebApplication1/web/Business_Owner.jsp</file>
            <file>file:/D:/WebApplication1/web/customersignup.html</file>
            <file>file:/D:/WebApplication1/web/home.html</file>
            <file>file:/D:/WebApplication1/web/history.jsp</file>
            <file>file:/D:/WebApplication1/web/process.jsp</file>
            <file>file:/D:/WebApplication1/web/query.jsp</file>
            <file>file:/D:/WebApplication1/web/payment.jsp</file>
            <file>file:/D:/WebApplication1/web/index.html</file>
            <file>file:/D:/WebApplication1/web/processpayment.jsp</file>
            <file>file:/D:/WebApplication1/web/customer.jsp</file>
        </group>
    </open-files>
</project-private>
